,list_epoch,L_bc,L_eq,L_tot
0,1,1.008095145225525,0.9970466494560242,2.0051417350769043
1,2,0.9403836131095886,0.9919999837875366,1.9323835372924805
2,3,0.8862396478652954,0.9865185618400574,1.872758150100708
3,4,0.8449287414550781,0.9809543490409851,1.825883150100708
4,5,0.8078538775444031,0.9759026169776917,1.7837564945220947
5,6,0.7721202969551086,0.9709872007369995,1.743107557296753
6,7,0.7349548935890198,0.9660477042198181,1.701002597808838
7,8,0.6957510113716125,0.9609174132347107,1.6566684246063232
8,9,0.6566083431243896,0.9557398557662964,1.612348198890686
9,10,0.6188539862632751,0.9507519006729126,1.569605827331543
10,11,0.583355724811554,0.9459025859832764,1.5292582511901855
11,12,0.550837516784668,0.9410752654075623,1.491912841796875
12,13,0.5215353965759277,0.9361900091171265,1.4577254056930542
13,14,0.4949309527873993,0.9311262965202332,1.42605721950531
14,15,0.4699600040912628,0.9257790446281433,1.3957390785217285
15,16,0.4457218050956726,0.9201033711433411,1.3658251762390137
16,17,0.4219074547290802,0.9140730500221252,1.3359805345535278
17,18,0.39883852005004883,0.9076895117759705,1.306528091430664
18,19,0.37690284848213196,0.9010267853736877,1.277929663658142
19,20,0.35587865114212036,0.8942028284072876,1.2500815391540527
20,21,0.3354029059410095,0.8873223662376404,1.22272527217865
21,22,0.3157710134983063,0.8804827332496643,1.196253776550293
22,23,0.29763203859329224,0.8737359046936035,1.171367883682251
23,24,0.28120365738868713,0.8670392036437988,1.1482428312301636
24,25,0.26618626713752747,0.860257089138031,1.1264433860778809
25,26,0.25234174728393555,0.8532171249389648,1.1055588722229004
26,27,0.23964692652225494,0.8457752466201782,1.085422158241272
27,28,0.22792847454547882,0.8378670811653137,1.0657955408096313
28,29,0.21688014268875122,0.829509437084198,1.0463895797729492
29,30,0.20647135376930237,0.8207715749740601,1.02724289894104
30,31,0.19684073328971863,0.8117295503616333,1.0085703134536743
31,32,0.18781216442584991,0.8024125099182129,0.9902246594429016
32,33,0.1790042221546173,0.7928130626678467,0.9718172550201416
33,34,0.17035438120365143,0.7829570174217224,0.9533113837242126
34,35,0.16203857958316803,0.7729182243347168,0.9349567890167236
35,36,0.15416863560676575,0.7628044486045837,0.9169731140136719
36,37,0.14683765172958374,0.7527418732643127,0.8995795249938965
37,38,0.14020921289920807,0.7428272366523743,0.8830364346504211
38,39,0.13442274928092957,0.733069896697998,0.86749267578125
39,40,0.1294235736131668,0.723372220993042,0.8527957797050476
40,41,0.12498734891414642,0.7135792374610901,0.8385666012763977
41,42,0.12086065858602524,0.7035655975341797,0.8244262337684631
42,43,0.11691335588693619,0.6932883262634277,0.8102017045021057
43,44,0.1131257638335228,0.6827684640884399,0.795894205570221
44,45,0.10942927747964859,0.6720575094223022,0.7814868092536926
45,46,0.10567386448383331,0.6612424850463867,0.7669163346290588
46,47,0.10175304859876633,0.6504677534103394,0.7522208094596863
47,48,0.09761516004800797,0.6398908495903015,0.7375060319900513
48,49,0.09338697791099548,0.6296131610870361,0.723000168800354
49,50,0.08938001096248627,0.6196378469467163,0.7090178728103638
50,51,0.08584045618772507,0.6098912954330444,0.6957317590713501
51,52,0.08282254636287689,0.6002851724624634,0.6831077337265015
52,53,0.08024921268224716,0.5907441973686218,0.6709933876991272
53,54,0.07800771296024323,0.5812015533447266,0.6592092514038086
54,55,0.07604391872882843,0.571577787399292,0.6476216912269592
55,56,0.07435460388660431,0.5617489218711853,0.6361035108566284
56,57,0.07295849919319153,0.5515572428703308,0.6245157718658447
57,58,0.07187139242887497,0.5409596562385559,0.6128310561180115
58,59,0.07103230804204941,0.5301240086555481,0.6011562943458557
59,60,0.07029152661561966,0.5193067789077759,0.5895982980728149
60,61,0.06951230019330978,0.5087264180183411,0.5782387256622314
61,62,0.0686541423201561,0.4985407292842865,0.5671948790550232
62,63,0.06774574518203735,0.4888618588447571,0.5566076040267944
63,64,0.06683792918920517,0.4797283113002777,0.5465662479400635
64,65,0.06599611043930054,0.4710468649864197,0.5370429754257202
65,66,0.06526626646518707,0.46257829666137695,0.5278445482254028
66,67,0.0646803230047226,0.45412954688072205,0.5188098549842834
67,68,0.06421689689159393,0.4457381069660187,0.5099549889564514
68,69,0.06377052515745163,0.4376194179058075,0.5013899207115173
69,70,0.06327477842569351,0.4300062954425812,0.4932810664176941
70,71,0.06268727779388428,0.4229752719402313,0.4856625497341156
71,72,0.0620313435792923,0.41635191440582275,0.47838324308395386
72,73,0.06143680587410927,0.409903883934021,0.47134068608283997
73,74,0.06089675799012184,0.40350809693336487,0.4644048511981964
74,75,0.06024709716439247,0.3971344530582428,0.45738154649734497
75,76,0.05948515981435776,0.3907169699668884,0.4502021372318268
76,77,0.05877633020281792,0.3841140568256378,0.44289037585258484
77,78,0.058262843638658524,0.3773377239704132,0.4356005787849426
78,79,0.05787769332528114,0.37064099311828613,0.428518682718277
79,80,0.05735674872994423,0.3643483817577362,0.42170512676239014
80,81,0.056425463408231735,0.3586271107196808,0.4150525629520416
81,82,0.05490171164274216,0.3533778488636017,0.40827956795692444
82,83,0.052953872829675674,0.3484492897987366,0.40140315890312195
83,84,0.05097121000289917,0.34377092123031616,0.39474213123321533
84,85,0.049212902784347534,0.33928582072257996,0.3884987235069275
85,86,0.04769859090447426,0.33489665389060974,0.3825952410697937
86,87,0.046292513608932495,0.3305097222328186,0.3768022358417511
87,88,0.04502551257610321,0.3261227309703827,0.3711482286453247
88,89,0.04407256096601486,0.32177186012268066,0.3658444285392761
89,90,0.04345686733722687,0.31746116280555725,0.3609180450439453
90,91,0.04299437627196312,0.31320393085479736,0.3561983108520508
91,92,0.04253445565700531,0.3090580999851227,0.3515925407409668
92,93,0.04210527613759041,0.3051108717918396,0.3472161591053009
93,94,0.041843682527542114,0.3013772666454315,0.34322094917297363
94,95,0.04175727814435959,0.29773208498954773,0.3394893705844879
95,96,0.04162338748574257,0.2939964532852173,0.33561983704566956
96,97,0.04124686121940613,0.29016807675361633,0.33141493797302246
97,98,0.04057395085692406,0.28643566370010376,0.3270096182823181
98,99,0.03954699635505676,0.282981812953949,0.32252880930900574
99,100,0.038092274218797684,0.2798316180706024,0.317923903465271
100,101,0.036300212144851685,0.27688536047935486,0.31318557262420654
101,102,0.03448009118437767,0.27403146028518677,0.30851155519485474
102,103,0.03296251222491264,0.27120986580848694,0.3041723668575287
103,104,0.031879715621471405,0.26838815212249756,0.30026787519454956
104,105,0.031114324927330017,0.2655181586742401,0.29663246870040894
105,106,0.03048977255821228,0.2625417411327362,0.2930315136909485
106,107,0.029978370293974876,0.2594251036643982,0.2894034683704376
107,108,0.029688680544495583,0.25617530941963196,0.285863995552063
108,109,0.02968590334057808,0.25282585620880127,0.28251177072525024
109,110,0.029835721477866173,0.24942973256111145,0.27926546335220337
110,111,0.029906712472438812,0.24605856835842133,0.27596527338027954
111,112,0.02979477308690548,0.24280068278312683,0.27259546518325806
112,113,0.02957586757838726,0.23972594738006592,0.26930180191993713
113,114,0.029409509152173996,0.2368348240852356,0.2662443220615387
114,115,0.02939329855144024,0.2340385764837265,0.2634318768978119
115,116,0.02945712022483349,0.2312096357345581,0.26066675782203674
116,117,0.02944808639585972,0.2282951921224594,0.2577432692050934
117,118,0.029282331466674805,0.22537416219711304,0.25465649366378784
118,119,0.02893095090985298,0.2225785106420517,0.2515094578266144
119,120,0.028387567028403282,0.21997885406017303,0.24836641550064087
120,121,0.027701985090970993,0.21754175424575806,0.24524374306201935
121,122,0.02696879208087921,0.2151801735162735,0.2421489655971527
122,123,0.02628450095653534,0.21286582946777344,0.23915033042430878
123,124,0.025708742439746857,0.21066391468048096,0.23637264966964722
124,125,0.025215286761522293,0.2086435705423355,0.2338588535785675
125,126,0.024677636101841927,0.20677709579467773,0.2314547300338745
126,127,0.024008991196751595,0.2049538940191269,0.22896288335323334
127,128,0.023274529725313187,0.20307333767414093,0.22634786367416382
128,129,0.022602325305342674,0.20108799636363983,0.22369031608104706
129,130,0.022078465670347214,0.19903385639190674,0.22111232578754425
130,131,0.02168070711195469,0.19701692461967468,0.21869763731956482
131,132,0.02124650776386261,0.1951436996459961,0.2163902074098587
132,133,0.02062874846160412,0.19346964359283447,0.21409839391708374
133,134,0.01987386681139469,0.1919759064912796,0.21184977889060974
134,135,0.019175345078110695,0.1905720978975296,0.20974744856357574
135,136,0.018653789535164833,0.1891593039035797,0.20781309902668
136,137,0.018266553059220314,0.1877138912677765,0.20598044991493225
137,138,0.017887013033032417,0.1862676590681076,0.20415467023849487
138,139,0.017460377886891365,0.18481741845607758,0.2022777944803238
139,140,0.017081622034311295,0.18330690264701843,0.20038852095603943
140,141,0.016857504844665527,0.1816863864660263,0.19854389131069183
141,142,0.016759280115365982,0.17998051643371582,0.1967397928237915
142,143,0.01667783223092556,0.17829354107379913,0.19497136771678925
143,144,0.016567939892411232,0.1767416149377823,0.19330956041812897
144,145,0.016442114487290382,0.17536725103855133,0.19180937111377716
145,146,0.016309084370732307,0.17412211000919342,0.19043119251728058
146,147,0.016190137714147568,0.17292121052742004,0.1891113519668579
147,148,0.016106465831398964,0.1716938316822052,0.1878003031015396
148,149,0.016062982380390167,0.1704232543706894,0.18648624420166016
149,150,0.016038326546549797,0.16912318766117096,0.1851615160703659
150,151,0.01598738692700863,0.16778835654258728,0.18377573788166046
151,152,0.01588570885360241,0.16638538241386414,0.1822710931301117
152,153,0.01576126180589199,0.16487263143062592,0.18063388764858246
153,154,0.015693798661231995,0.16324518620967865,0.17893898487091064
154,155,0.015720801427960396,0.1615767478942871,0.17729754745960236
155,156,0.015778763219714165,0.1599987894296646,0.17577755451202393
156,157,0.015780873596668243,0.15859463810920715,0.1743755042552948
157,158,0.015740877017378807,0.15731842815876007,0.17305929958820343
158,159,0.015683451667428017,0.15606804192066193,0.1717514991760254
159,160,0.015584091655910015,0.1548488587141037,0.1704329550266266
160,161,0.015371006913483143,0.15371502935886383,0.1690860390663147
161,162,0.015038656070828438,0.15263234078884125,0.16767099499702454
162,163,0.014675565995275974,0.15151862800121307,0.16619420051574707
163,164,0.014330136589705944,0.15035565197467804,0.16468578577041626
164,165,0.01395499799400568,0.14919471740722656,0.16314971446990967
165,166,0.013522791676223278,0.14809326827526093,0.16161605715751648
166,167,0.013031761161983013,0.1470743864774704,0.16010615229606628
167,168,0.012541019357740879,0.14614616334438324,0.15868718922138214
168,169,0.012142203748226166,0.14526650309562683,0.1574087142944336
169,170,0.011912232264876366,0.14435967803001404,0.15627190470695496
170,171,0.011774878948926926,0.14338649809360504,0.15516138076782227
171,172,0.011571687646210194,0.14237500727176666,0.15394669771194458
172,173,0.011301049031317234,0.14132994413375854,0.1526309996843338
173,174,0.011120392009615898,0.14018188416957855,0.1513022780418396
174,175,0.01113795768469572,0.13892914354801178,0.15006710588932037
175,176,0.011245076544582844,0.13769814372062683,0.1489432156085968
176,177,0.01124113891273737,0.13658210635185242,0.1478232443332672
177,178,0.011134069412946701,0.13554216921329498,0.14667624235153198
178,179,0.011032474227249622,0.1344892829656601,0.14552175998687744
179,180,0.010986395180225372,0.13344094157218933,0.1444273293018341
180,181,0.01094849407672882,0.13251084089279175,0.14345933496952057
181,182,0.010831287130713463,0.13174687325954437,0.1425781548023224
182,183,0.010692047886550426,0.13107575476169586,0.14176779985427856
183,184,0.010667943395674229,0.130391925573349,0.14105987548828125
184,185,0.010785761289298534,0.12966841459274292,0.14045417308807373
185,186,0.010966634377837181,0.12894678115844727,0.139913409948349
186,187,0.011121921241283417,0.12824654579162598,0.13936847448349
187,188,0.011249939911067486,0.12754033505916595,0.1387902796268463
188,189,0.011417926289141178,0.12679463624954224,0.13821256160736084
189,190,0.01163142453879118,0.1260031908750534,0.13763462007045746
190,191,0.011804329231381416,0.1252031773328781,0.13700750470161438
191,192,0.011845264583826065,0.12444495409727097,0.13629022240638733
192,193,0.011784122325479984,0.1237434670329094,0.1355275958776474
193,194,0.011696286499500275,0.12305637449026108,0.13475266098976135
194,195,0.011587738990783691,0.12236696481704712,0.1339547038078308
195,196,0.011350486427545547,0.12172690778970718,0.13307739794254303
196,197,0.010929081588983536,0.12119828164577484,0.13212735950946808
197,198,0.010455054230988026,0.1207720935344696,0.13122715055942535
198,199,0.010083219967782497,0.12036216259002686,0.13044537603855133
199,200,0.009838457219302654,0.11990873515605927,0.1297471970319748
200,201,0.009628782980144024,0.11942940205335617,0.12905818223953247
201,202,0.00937708467245102,0.11894702166318893,0.12832410633563995
202,203,0.009161106310784817,0.11842822283506393,0.12758933007717133
203,204,0.00910369772464037,0.11781079322099686,0.12691448628902435
204,205,0.009180571883916855,0.1171148493885994,0.12629541754722595
205,206,0.009223510511219501,0.11643888056278229,0.12566238641738892
206,207,0.009122195653617382,0.11582696437835693,0.12494915723800659
207,208,0.008944141678512096,0.1152215301990509,0.12416566908359528
208,209,0.008812245912849903,0.11455313861370087,0.1233653873205185
209,210,0.008763005025684834,0.11382834613323212,0.12259135395288467
210,211,0.008731803856790066,0.11309397220611572,0.12182577699422836
211,212,0.008652440272271633,0.11235832422971725,0.12101076543331146
212,213,0.008557802066206932,0.11158423870801926,0.12014204263687134
213,214,0.008517138659954071,0.11072921007871628,0.11924634873867035
214,215,0.008558200672268867,0.10982212424278259,0.11838032305240631
215,216,0.008629504591226578,0.1089622974395752,0.11759179830551147
216,217,0.00863891001790762,0.10821834206581116,0.11685725301504135
217,218,0.008589597418904305,0.10756062716245651,0.11615022271871567
218,219,0.008547425270080566,0.10689888149499893,0.1154463067650795
219,220,0.008521792478859425,0.10621342808008194,0.11473522335290909
220,221,0.008447322063148022,0.10558680444955826,0.11403412371873856
221,222,0.008301781490445137,0.10506603866815567,0.11336781829595566
222,223,0.008199736475944519,0.1045621857047081,0.11276192218065262
223,224,0.008238776586949825,0.10397698730230331,0.11221576482057571
224,225,0.008366627618670464,0.10336607694625854,0.11173270642757416
225,226,0.008443045429885387,0.10283800214529037,0.11128104478120804
226,227,0.008442879654467106,0.10238449275493622,0.11082737147808075
227,228,0.008444579318165779,0.10191601514816284,0.11036059260368347
228,229,0.008467808365821838,0.10140591114759445,0.10987371951341629
229,230,0.008483000099658966,0.10091789066791534,0.10940089076757431
230,231,0.008450448513031006,0.10050323605537415,0.10895368456840515
231,232,0.008365395478904247,0.10014350712299347,0.10850889980792999
232,233,0.008240431547164917,0.09977816790342331,0.10801859945058823
233,234,0.008081983774900436,0.09936437755823135,0.10744635760784149
234,235,0.007872954942286015,0.09892411530017853,0.10679706931114197
235,236,0.007623887155205011,0.09850296378135681,0.10612685233354568
236,237,0.007425900548696518,0.09807658195495605,0.10550248622894287
237,238,0.007372178137302399,0.09757174551486969,0.10494392365217209
238,239,0.00743382703512907,0.09699174761772156,0.1044255718588829
239,240,0.007482842542231083,0.09641140699386597,0.10389424860477448
240,241,0.007488098926842213,0.09585124999284744,0.10333935171365738
241,242,0.007535393815487623,0.09527100622653961,0.10280639678239822
242,243,0.007655726280063391,0.09465867280960083,0.10231439769268036
243,244,0.0078040724620223045,0.09403258562088013,0.101836659014225
244,245,0.007907208986580372,0.09339863806962967,0.10130584985017776
245,246,0.00791648868471384,0.09277113527059555,0.10068762302398682
246,247,0.007875189185142517,0.09215361624956131,0.10002880543470383
247,248,0.007857255637645721,0.0915311798453331,0.09938843548297882
248,249,0.007850928232073784,0.09094753861427307,0.098798468708992
249,250,0.007773192599415779,0.09047690033912659,0.09825009107589722
250,251,0.0076162973418831825,0.09010286629199982,0.09771916270256042
251,252,0.007456126622855663,0.08974219113588333,0.09719831496477127
252,253,0.007316388189792633,0.0893687829375267,0.09668517112731934
253,254,0.007168811280280352,0.08901266753673553,0.0961814820766449
254,255,0.007024749647825956,0.08867817372083664,0.09570292383432388
255,256,0.006910370197147131,0.08834652602672577,0.09525689482688904
256,257,0.0068221138790249825,0.08800309896469116,0.09482521563768387
257,258,0.006761116907000542,0.0876290500164032,0.09439016878604889
258,259,0.00672109704464674,0.08723411709070206,0.09395521134138107
259,260,0.006673161871731281,0.08687176555395126,0.09354493021965027
260,261,0.00662076473236084,0.08655963838100433,0.09318040311336517
261,262,0.0066027166321873665,0.08624643832445145,0.09284915775060654
262,263,0.006624067667871714,0.08590102195739746,0.09252508729696274
263,264,0.006634409539401531,0.08554311096668243,0.09217751771211624
264,265,0.006598913110792637,0.08516695350408554,0.0917658656835556
265,266,0.006550459656864405,0.08473671972751617,0.09128718078136444
266,267,0.006523336749523878,0.08425220847129822,0.09077554196119308
267,268,0.006521007977426052,0.08374912291765213,0.09027013182640076
268,269,0.006525585427880287,0.08325044065713882,0.08977602422237396
269,270,0.006488023791462183,0.08276350796222687,0.08925153315067291
270,271,0.006406550295650959,0.08228054642677307,0.08868709951639175
271,272,0.006356630474328995,0.08176233619451523,0.08811897039413452
272,273,0.006379574537277222,0.08121465891599655,0.08759423345327377
273,274,0.006427473854273558,0.08072004467248917,0.08714751899242401
274,275,0.006447281688451767,0.08030955493450165,0.08675684034824371
275,276,0.006445068400353193,0.07992149144411087,0.08636655658483505
276,277,0.0064247120171785355,0.07950947433710098,0.08593418449163437
277,278,0.0063882386311888695,0.07908770442008972,0.08547594398260117
278,279,0.0063646635971963406,0.078682079911232,0.08504674583673477
279,280,0.006351797375828028,0.0783006101846695,0.08465240895748138
280,281,0.006319786421954632,0.07792153209447861,0.08424131572246552
281,282,0.006276785861700773,0.07751414179801941,0.08379092812538147
282,283,0.0062307799234986305,0.07710738480091095,0.083338163793087
283,284,0.00616286089643836,0.07675360888242722,0.08291646838188171
284,285,0.006110895425081253,0.07640780508518219,0.08251869678497314
285,286,0.006117636803537607,0.07598363608121872,0.08210127055644989
286,287,0.006140798795968294,0.07550109922885895,0.08164189755916595
287,288,0.006119862664490938,0.07502362877130508,0.08114349097013474
288,289,0.006068745627999306,0.07456298172473907,0.08063172549009323
289,290,0.00602841516956687,0.07411004602909088,0.08013845980167389
290,291,0.006016186438500881,0.07364735007286072,0.07966353744268417
291,292,0.006031929049640894,0.07318282872438431,0.07921475917100906
292,293,0.006022983230650425,0.07276972383260727,0.07879270613193512
293,294,0.005979238077998161,0.07240651547908783,0.07838575541973114
294,295,0.0059591857716441154,0.07202786952257156,0.07798705250024796
295,296,0.005954323336482048,0.07165050506591797,0.07760483026504517
296,297,0.005911664571613073,0.07133625447750092,0.07724791765213013
297,298,0.005855543538928032,0.07105877995491028,0.07691432535648346
298,299,0.005825855769217014,0.07077064365148544,0.07659649848937988
299,300,0.005815606098622084,0.07045921683311462,0.0762748196721077
300,301,0.005808145273476839,0.07011786848306656,0.07592601329088211
301,302,0.005769219249486923,0.06977858394384384,0.07554779946804047
302,303,0.005696458742022514,0.06946008652448654,0.0751565471291542
303,304,0.005619904492050409,0.06912238895893097,0.07474229484796524
304,305,0.00551351485773921,0.06878587603569031,0.0742993876338005
305,306,0.005346416961401701,0.0684933289885521,0.07383974641561508
306,307,0.005186301190406084,0.06820928305387497,0.07339558750391006
307,308,0.005079817492514849,0.06790972501039505,0.07298954576253891
308,309,0.0050227027386426926,0.06761199235916138,0.07263469696044922
309,310,0.005010037217289209,0.06732140481472015,0.07233144342899323
310,311,0.005007327999919653,0.0670488178730011,0.07205614447593689
311,312,0.005030678119510412,0.06677062809467316,0.07180130481719971
312,313,0.005114661529660225,0.06645283102989197,0.07156749069690704
313,314,0.005201982334256172,0.0661449134349823,0.07134689390659332
314,315,0.005257319658994675,0.0658566877245903,0.07111400365829468
315,316,0.0053162118420004845,0.06553345918655396,0.07084967195987701
316,317,0.005370679311454296,0.06517724692821503,0.0705479234457016
317,318,0.005392622668296099,0.06482403725385666,0.07021666318178177
318,319,0.005354291759431362,0.06451045721769333,0.06986474990844727
319,320,0.005270542111247778,0.06422228366136551,0.06949282437562943
320,321,0.005212425719946623,0.06389094889163971,0.06910337507724762
321,322,0.005191603675484657,0.06354105472564697,0.06873265653848648
322,323,0.005150596145540476,0.0632505714893341,0.06840116530656815
323,324,0.0050876559689641,0.06300520151853561,0.06809286028146744
324,325,0.005042129196226597,0.0627511665225029,0.06779329478740692
325,326,0.0050253174267709255,0.062476012855768204,0.06750132888555527
326,327,0.00501015642657876,0.062212031334638596,0.06722218543291092
327,328,0.004967132117599249,0.06199926137924194,0.06696639209985733
328,329,0.0049484651535749435,0.06179118901491165,0.06673965603113174
329,330,0.00497828284278512,0.06154143810272217,0.06651972234249115
330,331,0.004998184274882078,0.061299558728933334,0.0662977397441864
331,332,0.004994380287826061,0.06107127293944359,0.06606565415859222
332,333,0.005000329576432705,0.06082465127110481,0.0658249780535698
333,334,0.005032646935433149,0.06055544689297676,0.0655880942940712
334,335,0.005061832256615162,0.06027408316731453,0.06533591449260712
335,336,0.005015868227928877,0.060023676604032516,0.06503954529762268
336,337,0.004913773387670517,0.059796273708343506,0.06471005082130432
337,338,0.004836358595639467,0.059535685926675797,0.06437204778194427
338,339,0.004787512123584747,0.05926617980003357,0.06405369192361832
339,340,0.004739923402667046,0.059026848524808884,0.06376677006483078
340,341,0.00467273872345686,0.0588231161236763,0.06349585205316544
341,342,0.004601527936756611,0.058633800595998764,0.0632353276014328
342,343,0.004582458175718784,0.05841488018631935,0.06299734115600586
343,344,0.004577962681651115,0.05820063129067421,0.06277859210968018
344,345,0.004564125090837479,0.05799929425120354,0.06256341934204102
345,346,0.004531655926257372,0.05778919905424118,0.062320854514837265
346,347,0.0044803922064602375,0.057544905692338943,0.062025297433137894
347,348,0.004443477839231491,0.05725469812750816,0.061698175966739655
348,349,0.004398152697831392,0.056955598294734955,0.06135375052690506
349,350,0.004360798746347427,0.05663391575217247,0.0609947144985199
350,351,0.004333932884037495,0.05629172921180725,0.06062566116452217
351,352,0.004290880169719458,0.055964063853025436,0.06025494262576103
352,353,0.004221283830702305,0.055678557604551315,0.059899840503931046
353,354,0.0041349343955516815,0.05544184520840645,0.05957677960395813
354,355,0.004079718142747879,0.055202919989824295,0.059282638132572174
355,356,0.004062979016453028,0.05495518073439598,0.05901816114783287
356,357,0.004026689566671848,0.05475843325257301,0.05878512188792229
357,358,0.003971381112933159,0.05460313335061073,0.05857451260089874
358,359,0.003928799647837877,0.054460953921079636,0.058389753103256226
359,360,0.003911889158189297,0.05429575592279434,0.05820764601230621
360,361,0.0039002865087240934,0.05410347133874893,0.058003757148981094
361,362,0.0038519282825291157,0.053921688348054886,0.057773616164922714
362,363,0.0038038501515984535,0.05371781066060066,0.05752165988087654
363,364,0.0037717551458626986,0.05349375307559967,0.0572655089199543
364,365,0.003742625005543232,0.05327366665005684,0.057016290724277496
365,366,0.003710944904014468,0.05305929109454155,0.05677023530006409
366,367,0.0036817998625338078,0.052844755351543427,0.056526556611061096
367,368,0.003673198167234659,0.052602894604206085,0.056276094168424606
368,369,0.003658659989014268,0.052374377846717834,0.05603303760290146
369,370,0.0036206524819135666,0.05220700427889824,0.055827654898166656
370,371,0.0035891763400286436,0.052064716815948486,0.0556538924574852
371,372,0.0035694825928658247,0.051915667951107025,0.05548515170812607
372,373,0.0035323083866387606,0.051778651773929596,0.05531096085906029
373,374,0.0034483661875128746,0.05168970301747322,0.05513807013630867
374,375,0.0033641785848885775,0.051613714545965195,0.0549778938293457
375,376,0.003327134530991316,0.05147600173950195,0.054803136736154556
376,377,0.003314974019303918,0.051293935626745224,0.05460891127586365
377,378,0.003283081343397498,0.05113845691084862,0.05442153662443161
378,379,0.0032440442591905594,0.051017820835113525,0.054261863231658936
379,380,0.0032613184303045273,0.05087341368198395,0.054134733974933624
380,381,0.003327254904434085,0.050692372024059296,0.05401962623000145
381,382,0.0033804341219365597,0.05051909759640694,0.053899530321359634
382,383,0.003414127742871642,0.05036671832203865,0.053780846297740936
383,384,0.003453897312283516,0.05020785704255104,0.053661756217479706
384,385,0.0034868561197072268,0.05004771426320076,0.05353457108139992
385,386,0.0034845403861254454,0.0499066561460495,0.053391195833683014
386,387,0.0034741898998618126,0.049750279635190964,0.05322447046637535
387,388,0.003511022077873349,0.049527741968631744,0.053038764744997025
388,389,0.003575229085981846,0.04925961419939995,0.05283484235405922
389,390,0.003637835383415222,0.04898389056324959,0.05262172594666481
390,391,0.0037102524656802416,0.04871327802538872,0.05242352932691574
391,392,0.0038234919775277376,0.048419106751680374,0.05224259942770004
392,393,0.003930811770260334,0.04814684018492699,0.052077651023864746
393,394,0.003990308381617069,0.047932859510183334,0.05192316696047783
394,395,0.004012662917375565,0.04776125028729439,0.05177391320466995
395,396,0.004005922470241785,0.04762101173400879,0.051626935601234436
396,397,0.0039754388853907585,0.04749911651015282,0.05147455632686615
397,398,0.003914230968803167,0.04740452021360397,0.05131874978542328
398,399,0.0038851238787174225,0.047296151518821716,0.05118127539753914
399,400,0.0038461394142359495,0.04720601439476013,0.05105215311050415
400,401,0.0037644440308213234,0.047154396772384644,0.05091883987188339
401,402,0.003671078709885478,0.0471159964799881,0.050787076354026794
402,403,0.0036131569650024176,0.047038331627845764,0.050651486963033676
403,404,0.0035776901058852673,0.04691505432128906,0.05049274489283562
404,405,0.003504690947011113,0.04679834842681885,0.05030303820967674
405,406,0.003445362439379096,0.04666384309530258,0.05010920390486717
406,407,0.003437680657953024,0.046494726091623306,0.04993240535259247
407,408,0.003469394985586405,0.04628933593630791,0.049758732318878174
408,409,0.00348725076764822,0.046088576316833496,0.04957582801580429
409,410,0.0034847042988985777,0.04589711129665375,0.049381814897060394
410,411,0.0034788583870977163,0.04569205641746521,0.04917091503739357
411,412,0.0034581467043608427,0.04549630731344223,0.04895445331931114
412,413,0.0034243380650877953,0.045316748321056366,0.048741087317466736
413,414,0.003384992480278015,0.045152049511671066,0.04853704199194908
414,415,0.0033367399591952562,0.04499715194106102,0.04833389073610306
415,416,0.003250744892284274,0.04487555846571922,0.048126302659511566
416,417,0.003130798228085041,0.044792938977479935,0.0479237362742424
417,418,0.003044714219868183,0.044690873473882675,0.047735586762428284
418,419,0.003014583606272936,0.04454747959971428,0.04756206274032593
419,420,0.002998687792569399,0.04440150782465935,0.04740019515156746
420,421,0.002950563095510006,0.04429654777050018,0.047247111797332764
421,422,0.002893875353038311,0.04420502856373787,0.047098904848098755
422,423,0.0028616529889404774,0.04406888782978058,0.04693054035305977
423,424,0.002820187248289585,0.043935395777225494,0.046755582094192505
424,425,0.0027556628920137882,0.043840404599905014,0.046596068888902664
425,426,0.002685172948986292,0.04376135393977165,0.046446528285741806
426,427,0.002643641782924533,0.043652649968862534,0.046296291053295135
427,428,0.002632098738104105,0.0435086227953434,0.046140722930431366
428,429,0.0026096096262335777,0.04337476193904877,0.04598437249660492
429,430,0.002584520261734724,0.04324144124984741,0.04582596197724342
430,431,0.002542320638895035,0.043114714324474335,0.04565703496336937
431,432,0.002486954675987363,0.04299274832010269,0.045479703694581985
432,433,0.002447382314130664,0.042851876467466354,0.04529925808310509
433,434,0.0024342660326510668,0.042695093899965286,0.045129358768463135
434,435,0.002440482610836625,0.04251902177929878,0.044959504157304764
435,436,0.0024201555643230677,0.042368337512016296,0.04478849470615387
436,437,0.0024025081656873226,0.04222561791539192,0.04462812468409538
437,438,0.002417535986751318,0.04205409809947014,0.044471632689237595
438,439,0.002431035740301013,0.041891034692525864,0.044322069734334946
439,440,0.0024246524553745985,0.041753578931093216,0.04417823255062103
440,441,0.0023868612479418516,0.04164634272456169,0.04403320327401161
441,442,0.0023733421694487333,0.041517190635204315,0.04389053210616112
442,443,0.0024000536650419235,0.041356898844242096,0.04375695437192917
443,444,0.0024224359076470137,0.04121292009949684,0.04363535717129707
444,445,0.002438041614368558,0.04107637703418732,0.043514419347047806
445,446,0.002437578747048974,0.040949515998363495,0.043387096375226974
446,447,0.0024233346339315176,0.04083209112286568,0.04325542598962784
447,448,0.0023922177497297525,0.040730543434619904,0.04312276095151901
448,449,0.00232788547873497,0.040658168494701385,0.042986053973436356
449,450,0.0022409618832170963,0.040590208023786545,0.0428311713039875
450,451,0.002144791651517153,0.040527958422899246,0.04267274960875511
451,452,0.00205437233671546,0.04047353193163872,0.042527902871370316
452,453,0.0019963649101555347,0.04039796069264412,0.04239432513713837
453,454,0.0019572668243199587,0.04031391814351082,0.04227118566632271
454,455,0.0019308746559545398,0.04023972898721695,0.042170602828264236
455,456,0.001927055767737329,0.040169794112443924,0.04209684953093529
456,457,0.0019477489404380322,0.040090903639793396,0.042038653045892715
457,458,0.0019989595748484135,0.03998730331659317,0.041986264288425446
458,459,0.002035442739725113,0.03990248590707779,0.0419379286468029
459,460,0.0020537618547677994,0.039843108505010605,0.04189687222242355
460,461,0.002065128181129694,0.03978675603866577,0.04185188561677933
461,462,0.0020580010022968054,0.03972797468304634,0.04178597405552864
462,463,0.0020325318910181522,0.039669111371040344,0.04170164465904236
463,464,0.001990174176171422,0.039620254188776016,0.04161042720079422
464,465,0.001982019981369376,0.03953927382826805,0.04152129217982292
465,466,0.001988387433812022,0.03945014253258705,0.04143853113055229
466,467,0.0020063109695911407,0.039356742054224014,0.041363053023815155
467,468,0.0020053815096616745,0.039277441799640656,0.04128282517194748
468,469,0.001990663819015026,0.03919760882854462,0.04118827357888222
469,470,0.0019707439932972193,0.039111923426389694,0.04108266904950142
470,471,0.0019517730688676238,0.03901771083474159,0.04096948355436325
471,472,0.001975791761651635,0.038881707936525345,0.040857501327991486
472,473,0.002002446912229061,0.038737308233976364,0.040739756077528
473,474,0.002017812104895711,0.03859599679708481,0.0406138077378273
474,475,0.0020183792803436518,0.0384627990424633,0.04048117995262146
475,476,0.0020234205294400454,0.038318000733852386,0.04034142196178436
476,477,0.002013804856687784,0.038188423961400986,0.04020223021507263
477,478,0.0019735938403755426,0.03809848055243492,0.04007207602262497
478,479,0.0019417598377913237,0.03802057355642319,0.03996233269572258
479,480,0.0019206288270652294,0.037941671907901764,0.03986230120062828
480,481,0.0019056841265410185,0.037860434502363205,0.03976611793041229
481,482,0.0018732784083113074,0.03779352828860283,0.039666805416345596
482,483,0.0018484259489923716,0.03771033510565758,0.039558760821819305
483,484,0.0018282681703567505,0.037615276873111725,0.039443545043468475
484,485,0.001807106309570372,0.03751057758927345,0.03931768238544464
485,486,0.0017677516443654895,0.03742022439837456,0.039187975227832794
486,487,0.0017383507220074534,0.037323251366615295,0.03906160220503807
487,488,0.0017144341254606843,0.03722888231277466,0.03894331678748131
488,489,0.0016941031208261847,0.037131402641534805,0.03882550448179245
489,490,0.0016740720020607114,0.03703271597623825,0.038706786930561066
490,491,0.0016478326870128512,0.03694082796573639,0.03858866170048714
491,492,0.0015998411690816283,0.03688044100999832,0.038480281829833984
492,493,0.0015640793135389686,0.03682519122958183,0.03838926926255226
493,494,0.0015584522625431418,0.03674769029021263,0.03830614313483238
494,495,0.001551367691718042,0.03667151555418968,0.03822288289666176
495,496,0.0015519417356699705,0.03658665716648102,0.03813859820365906
496,497,0.0015653201844543219,0.036485493183135986,0.0380508117377758
497,498,0.001596554066054523,0.03635953366756439,0.03795608878135681
498,499,0.001589703606441617,0.036263830959796906,0.037853535264730453
499,500,0.0015652173897251487,0.03618227317929268,0.03774749115109444
500,501,0.0015236561885103583,0.03612503409385681,0.03764868900179863
501,502,0.001514284173026681,0.03604001924395561,0.0375543050467968
502,503,0.0014829739229753613,0.03598035126924515,0.03746332600712776
503,504,0.0014651995152235031,0.035914454609155655,0.03737965226173401
504,505,0.001451516174711287,0.03585416078567505,0.03730567544698715
505,506,0.0014832318993285298,0.03574666380882263,0.03722989559173584
506,507,0.0014997365651652217,0.03564857318997383,0.037148308008909225
507,508,0.0015275843907147646,0.03552687168121338,0.037054456770420074
508,509,0.0015465664910152555,0.03540744632482529,0.036954011768102646
509,510,0.0015773347113281488,0.03527187183499336,0.03684920817613602
510,511,0.001606916543096304,0.03513941168785095,0.036746326833963394
511,512,0.0016311153303831816,0.03502653166651726,0.03665764629840851
512,513,0.0016611340688541532,0.03492632135748863,0.03658745437860489
513,514,0.0016805820632725954,0.034852560609579086,0.03653314337134361
514,515,0.001726182410493493,0.03476567193865776,0.03649185597896576
515,516,0.0017361234640702605,0.034719713032245636,0.03645583614706993
516,517,0.0017402534140273929,0.03467511013150215,0.03641536459326744
517,518,0.0017444337718188763,0.03462129086256027,0.036365725100040436
518,519,0.0017466075951233506,0.03455967828631401,0.03630628436803818
519,520,0.001764983986504376,0.034476280212402344,0.03624126315116882
520,521,0.0017339866608381271,0.0344395637512207,0.03617355227470398
521,522,0.001743784174323082,0.03435999155044556,0.03610377758741379
522,523,0.0017409869469702244,0.03429483622312546,0.036035824567079544
523,524,0.0017003810498863459,0.03426319733262062,0.03596358001232147
524,525,0.0016627541044726968,0.03422505408525467,0.03588780760765076
525,526,0.0016069416888058186,0.03420991078019142,0.03581685200333595
526,527,0.0015914245741441846,0.03415430709719658,0.035745732486248016
527,528,0.0015615499578416348,0.03410836309194565,0.03566991165280342
528,529,0.001536358380690217,0.03405199199914932,0.035588350147008896
529,530,0.0015413358341902494,0.03396822512149811,0.035509560257196426
530,531,0.0015296934871003032,0.03390359878540039,0.035433292388916016
531,532,0.0015174454310908914,0.03383363038301468,0.03535107523202896
532,533,0.001475249300710857,0.03379029035568237,0.03526553884148598
533,534,0.0014403898967429996,0.03374040126800537,0.03518079221248627
534,535,0.0014271215768530965,0.033667296171188354,0.03509441763162613
535,536,0.0014242789475247264,0.03358305245637894,0.035007331520318985
536,537,0.0014276938745751977,0.03349074721336365,0.034918442368507385
537,538,0.0014232819667086005,0.03340250626206398,0.03482578694820404
538,539,0.0014497616793960333,0.033287420868873596,0.034737180918455124
539,540,0.0014704198110848665,0.033193960785865784,0.03466438129544258
540,541,0.00147509784437716,0.03313110023736954,0.0346061997115612
541,542,0.0014977293321862817,0.033043667674064636,0.03454139828681946
542,543,0.001490429393015802,0.0329766683280468,0.034467097371816635
543,544,0.0014821927761659026,0.03290463984012604,0.034386832267045975
544,545,0.001471610157750547,0.03282296657562256,0.034294575452804565
545,546,0.001445128582417965,0.0327434279024601,0.03418855741620064
546,547,0.0014472288312390447,0.032628383487463,0.03407561406493187
547,548,0.0014203652972355485,0.03254205733537674,0.033962421119213104
548,549,0.0014044881099835038,0.03244316205382347,0.03384764865040779
549,550,0.0014205281622707844,0.03231675550341606,0.03373728320002556
550,551,0.001415039412677288,0.032232366502285004,0.033647406846284866
551,552,0.0014371133875101805,0.032139312475919724,0.03357642516493797
552,553,0.0014626631746068597,0.03205389529466629,0.03351655974984169
553,554,0.0014907012227922678,0.031962800770998,0.033453501760959625
554,555,0.0015374604845419526,0.031848758459091187,0.033386219292879105
555,556,0.001541795558296144,0.0317690446972847,0.033310841768980026
556,557,0.0015326295979321003,0.03169335052371025,0.033225979655981064
557,558,0.0015102113829925656,0.031634148210287094,0.03314435854554176
558,559,0.0014670101227238774,0.03160993754863739,0.033076949417591095
559,560,0.001448491238988936,0.03157566860318184,0.03302415832877159
560,561,0.0014237919822335243,0.03155267611145973,0.03297646716237068
561,562,0.0014378533232957125,0.03148788958787918,0.032925743609666824
562,563,0.001453018980100751,0.03141549602150917,0.03286851570010185
563,564,0.0014446169370785356,0.03136394917964935,0.032808564603328705
564,565,0.0014733363641425967,0.03127589449286461,0.0327492319047451
565,566,0.0014620381407439709,0.03121952898800373,0.03268156573176384
566,567,0.0014415329787880182,0.031169336289167404,0.03261087089776993
567,568,0.0014324199873954058,0.03111383318901062,0.03254625201225281
568,569,0.0014264421770349145,0.031056798994541168,0.03248324245214462
569,570,0.0014235401758924127,0.0309932678937912,0.03241680935025215
570,571,0.0013841488398611546,0.030969509854912758,0.032353658229112625
571,572,0.0013720255810767412,0.03092399798333645,0.03229602426290512
572,573,0.001353795058093965,0.030889037996530533,0.03224283456802368
573,574,0.00131581025198102,0.030876126140356064,0.032191935926675797
574,575,0.001307654078118503,0.030831506475806236,0.03213915973901749
575,576,0.0012984912609681487,0.030787939205765724,0.03208643198013306
576,577,0.001294804154895246,0.030740531161427498,0.03203533589839935
577,578,0.0012813074281439185,0.03070136532187462,0.03198267146945
578,579,0.001287341583520174,0.03064342774450779,0.031930770725011826
579,580,0.0012926023919135332,0.030587222427129745,0.03187982365489006
580,581,0.0012750726891681552,0.030554931610822678,0.03183000534772873
581,582,0.0012820482952520251,0.030502410605549812,0.031784459948539734
582,583,0.0012793159112334251,0.030462516471743584,0.031741831451654434
583,584,0.0012766426661983132,0.030422981828451157,0.03169962391257286
584,585,0.0012755919015035033,0.030388284474611282,0.03166387602686882
585,586,0.0012749439338222146,0.03035140223801136,0.031626347452402115
586,587,0.0012999370228499174,0.030278611928224564,0.03157854825258255
587,588,0.0012908503413200378,0.030233940109610558,0.031524792313575745
588,589,0.0013067934196442366,0.030161064118146896,0.03146785870194435
589,590,0.0013036446180194616,0.030101746320724487,0.03140538930892944
590,591,0.0013105272082611918,0.03002859279513359,0.031339120119810104
591,592,0.0013131272280588746,0.02995811216533184,0.03127123787999153
592,593,0.0013027529930695891,0.029897887259721756,0.03120063990354538
593,594,0.0013355761766433716,0.029798492789268494,0.031134068965911865
594,595,0.0013110152212902904,0.029752541333436966,0.031063556671142578
595,596,0.0013290494680404663,0.029656993225216866,0.030986042693257332
596,597,0.0013175323838368058,0.02958862856030464,0.030906161293387413
597,598,0.0013306130422279239,0.02949216216802597,0.03082277439534664
598,599,0.0013013924472033978,0.029428452253341675,0.03072984516620636
599,600,0.0013260187115520239,0.029303865507245064,0.03062988445162773
600,601,0.001318213646300137,0.02921636775135994,0.03053458221256733
601,602,0.0013065418461337686,0.029142504557967186,0.030449045822024345
602,603,0.0013126839185133576,0.02905590645968914,0.030368590727448463
603,604,0.0013098596828058362,0.028983410447835922,0.03029327094554901
604,605,0.0013038716278970242,0.028926903381943703,0.030230775475502014
605,606,0.0013023747596889734,0.028873806819319725,0.030176181346178055
606,607,0.0013023962965235114,0.028818804770708084,0.030121201649308205
607,608,0.0012942644534632564,0.028770718723535538,0.030064983293414116
608,609,0.0012786102015525103,0.028733370825648308,0.03001198172569275
609,610,0.0012882852461189032,0.028675870969891548,0.029964156448841095
610,611,0.001281325239688158,0.028640449047088623,0.029921773821115494
611,612,0.0012756127398461103,0.028598478063941002,0.02987409010529518
612,613,0.0012752385810017586,0.02855014055967331,0.029825378209352493
613,614,0.0012538322480395436,0.02851916290819645,0.02977299503982067
614,615,0.0012388153700158,0.028475357219576836,0.029714172706007957
615,616,0.001217014156281948,0.028440119698643684,0.029657132923603058
616,617,0.0012326595606282353,0.028372855857014656,0.02960551530122757
617,618,0.001236385083757341,0.028314869850873947,0.029551254585385323
618,619,0.001231527072377503,0.028266970068216324,0.029498497024178505
619,620,0.001250670407898724,0.028197113424539566,0.029447784647345543
620,621,0.001234652241691947,0.028162093833088875,0.029396746307611465
621,622,0.0012358789099380374,0.028106750920414925,0.02934262901544571
622,623,0.001230153487995267,0.028056686744093895,0.029286840930581093
623,624,0.0012513856636360288,0.027986308559775352,0.029237695038318634
624,625,0.001264807302504778,0.027931928634643555,0.029196735471487045
625,626,0.0012498617870733142,0.027900394052267075,0.029150255024433136
626,627,0.0012577420566231012,0.02783706597983837,0.02909480780363083
627,628,0.001211324823088944,0.02782472036778927,0.02903604507446289
628,629,0.0011894125491380692,0.027786316350102425,0.028975728899240494
629,630,0.0011795744067057967,0.027730636298656464,0.028910210356116295
630,631,0.0011437276843935251,0.027700284495949745,0.028844011947512627
631,632,0.0011332629946991801,0.02764642797410488,0.028779691085219383
632,633,0.0011192499659955502,0.02759920433163643,0.028718454763293266
633,634,0.0011149079073220491,0.02754656784236431,0.02866147644817829
634,635,0.001116040744818747,0.027492204681038857,0.02860824577510357
635,636,0.0011436351342126727,0.027415018528699875,0.028558652848005295
636,637,0.0011764754308387637,0.027337247505784035,0.028513722121715546
637,638,0.001172602060250938,0.027293451130390167,0.028466053307056427
638,639,0.001176553312689066,0.02723737247288227,0.02841392531991005
639,640,0.0011637094430625439,0.0271964929997921,0.02836020290851593
640,641,0.0011452003382146358,0.02716446854174137,0.028309669345617294
641,642,0.0011450491147115827,0.027115147560834885,0.02826019749045372
642,643,0.0011366476537659764,0.027069346979260445,0.0282059945166111
643,644,0.0011327669490128756,0.02702070027589798,0.028153467923402786
644,645,0.0011082058772444725,0.026997696608304977,0.028105903416872025
645,646,0.001104781054891646,0.026951652020215988,0.0280564334243536
646,647,0.0010899704648181796,0.026914535090327263,0.02800450474023819
647,648,0.0010640835389494896,0.026893189176917076,0.02795727178454399
648,649,0.0010907859541475773,0.02681777998805046,0.02790856547653675
649,650,0.0010574071202427149,0.026795588433742523,0.027852995321154594
650,651,0.0010540258372202516,0.026745859533548355,0.027799885720014572
651,652,0.001066263415850699,0.02668769098818302,0.027753954753279686
652,653,0.001049804501235485,0.026656528934836388,0.027706332504749298
653,654,0.001055345288477838,0.02660110965371132,0.02765645459294319
654,655,0.001042337971739471,0.026563242077827454,0.027605580165982246
655,656,0.0010463920189067721,0.026507453992962837,0.027553845196962357
656,657,0.0010357388528063893,0.026459138840436935,0.027494877576828003
657,658,0.0010240572737529874,0.026409460231661797,0.027433518320322037
658,659,0.0010428579989820719,0.026334775611758232,0.02737763337790966
659,660,0.0010249074548482895,0.026292745023965836,0.027317652478814125
660,661,0.0010110016446560621,0.02624145708978176,0.027252458035945892
661,662,0.001009853556752205,0.026183683425188065,0.02719353698194027
662,663,0.001003881567157805,0.0261379461735487,0.02714182808995247
663,664,0.0010133943287655711,0.02607731707394123,0.027090711519122124
664,665,0.0010131174931302667,0.026022247970104218,0.027035364881157875
665,666,0.0010241337586194277,0.025959335267543793,0.02698346972465515
666,667,0.0010115259792655706,0.025922337546944618,0.026933863759040833
667,668,0.0010160860838368535,0.025869043543934822,0.026885129511356354
668,669,0.0010415634606033564,0.025799080729484558,0.02684064395725727
669,670,0.0010249485494568944,0.025777801871299744,0.026802750304341316
670,671,0.0010535978944972157,0.025710809975862503,0.026764407753944397
671,672,0.0010538988281041384,0.025672586634755135,0.026726486161351204
672,673,0.0010337450075894594,0.025660645216703415,0.026694390922784805
673,674,0.001064577023498714,0.0255943164229393,0.02665889263153076
674,675,0.001056118169799447,0.025556089356541634,0.026612207293510437
675,676,0.0010550362057983875,0.025504307821393013,0.026559343561530113
676,677,0.0010656906524673104,0.025442903861403465,0.026508593931794167
677,678,0.00105488661210984,0.02540542557835579,0.02646031230688095
678,679,0.0010507802944630384,0.025360746309161186,0.026411525905132294
679,680,0.0010294970124959946,0.02533508837223053,0.026364585384726524
680,681,0.0010304450988769531,0.02529115229845047,0.026321597397327423
681,682,0.0010345748160034418,0.025248849764466286,0.026283424347639084
682,683,0.001015209942124784,0.02522510103881359,0.026240311563014984
683,684,0.0010263447184115648,0.025164013728499413,0.02619035914540291
684,685,0.001008048770017922,0.025130141526460648,0.026138190180063248
685,686,0.0009953314438462257,0.025094497948884964,0.026089828461408615
686,687,0.0010210215114057064,0.025017160922288895,0.02603818289935589
687,688,0.0010058091720566154,0.02497645653784275,0.025982266291975975
688,689,0.0009909755317494273,0.024931984022259712,0.02592295967042446
689,690,0.000979366130195558,0.024883395060896873,0.025862760841846466
690,691,0.0009441909496672451,0.024861212819814682,0.025805404409766197
691,692,0.0009332976187579334,0.02482154406607151,0.025754841044545174
692,693,0.0009332176414318383,0.024775978177785873,0.02570919506251812
693,694,0.0009408338810317218,0.024724457412958145,0.025665290653705597
694,695,0.0009408058249391615,0.024678457528352737,0.02561926282942295
695,696,0.0009427949553355575,0.024630239233374596,0.025573033839464188
696,697,0.0009654359892010689,0.024565111845731735,0.02553054690361023
697,698,0.0009575506555847824,0.024531299248337746,0.025488849729299545
698,699,0.0009651659638620913,0.0244829710572958,0.025448137894272804
699,700,0.0009703856776468456,0.02443820983171463,0.02540859580039978
700,701,0.0009462336893193424,0.024422720074653625,0.025368953123688698
701,702,0.0009570012334734201,0.024368027225136757,0.025325028225779533
702,703,0.0009594510192982852,0.024318180978298187,0.025277631357312202
703,704,0.0009513272088952363,0.024273717775940895,0.025225045159459114
704,705,0.0009633993613533676,0.024209531024098396,0.02517293021082878
705,706,0.0009595358278602362,0.024164991453289986,0.025124527513980865
706,707,0.0009564585634507239,0.024117371067404747,0.025073830038309097
707,708,0.0009497493738308549,0.024073170498013496,0.025022920221090317
708,709,0.000945853244047612,0.02403520978987217,0.0249810628592968
709,710,0.0009475966799072921,0.023993493989109993,0.024941090494394302
710,711,0.0009350563632324338,0.02396586164832115,0.02490091882646084
711,712,0.0009389970218762755,0.023921523243188858,0.024860519915819168
712,713,0.0009368741884827614,0.023884033784270287,0.024820908904075623
713,714,0.0009329800959676504,0.023853352293372154,0.02478633262217045
714,715,0.0009507324430160224,0.023801254108548164,0.02475198730826378
715,716,0.000945140840485692,0.023768246173858643,0.024713387712836266
716,717,0.000950781162828207,0.023728439584374428,0.024679221212863922
717,718,0.0009721556561999023,0.023675814270973206,0.024647969752550125
718,719,0.0009652617736719549,0.023653872311115265,0.02461913414299488
719,720,0.0009657604969106615,0.023621561005711555,0.024587322026491165
720,721,0.0009646257385611534,0.023585926741361618,0.024550553411245346
721,722,0.0009511511889286339,0.023560717701911926,0.02451186813414097
722,723,0.0009530873503535986,0.02351938933134079,0.024472476914525032
723,724,0.000952309463173151,0.0234789177775383,0.024431226775050163
724,725,0.0009237597696483135,0.023461276665329933,0.024385036900639534
725,726,0.0009152196580544114,0.023421907797455788,0.024337127804756165
726,727,0.0009059241856448352,0.023382630199193954,0.02428855374455452
727,728,0.0008937767124734819,0.02334335818886757,0.02423713542521
728,729,0.000898777914699167,0.0232857596129179,0.024184538051486015
729,730,0.000884957320522517,0.023246848955750465,0.024131806567311287
730,731,0.0008784352103248239,0.023200886324048042,0.024079320952296257
731,732,0.0008735526935197413,0.02315390296280384,0.02402745559811592
732,733,0.0008893781923688948,0.023086177185177803,0.02397555485367775
733,734,0.0008893618360161781,0.02303350903093815,0.0239228717982769
734,735,0.0008910223841667175,0.02297784760594368,0.023868869990110397
735,736,0.0008755202288739383,0.022943489253520966,0.023819008842110634
736,737,0.0008664982742629945,0.022905969992280006,0.02377246879041195
737,738,0.0008670866372995079,0.02285938523709774,0.02372647263109684
738,739,0.0008735137525945902,0.022806309163570404,0.02367982268333435
739,740,0.000850204611197114,0.02278381772339344,0.02363402210175991
740,741,0.0008488447056151927,0.022741002961993217,0.02358984760940075
741,742,0.0008325226954184473,0.022716689854860306,0.023549212142825127
742,743,0.000810557568911463,0.02269710786640644,0.02350766584277153
743,744,0.0008374026510864496,0.022627821192145348,0.023465223610401154
744,745,0.0008027625153772533,0.0226216409355402,0.023424403741955757
745,746,0.0008103150757960975,0.022573372349143028,0.023383688181638718
746,747,0.0007984910043887794,0.022545436397194862,0.023343928158283234
747,748,0.0007938524358905852,0.022506067529320717,0.023299919441342354
748,749,0.0007986796554178,0.022457797080278397,0.02325647696852684
749,750,0.0008123770239762962,0.022403452545404434,0.023215830326080322
750,751,0.0007870593690313399,0.022388681769371033,0.023175740614533424
751,752,0.0007953394670039415,0.022339291870594025,0.023134632036089897
752,753,0.0007908078841865063,0.0223010815680027,0.023091889917850494
753,754,0.0007828465313650668,0.022265519946813583,0.023048367351293564
754,755,0.0008117253892123699,0.022192375734448433,0.02300410158932209
755,756,0.0007999606314115226,0.02216430753469467,0.022964268922805786
756,757,0.0008212149259634316,0.022105339914560318,0.022926554083824158
757,758,0.0008158921846188605,0.022072477266192436,0.022888369858264923
758,759,0.0008331409189850092,0.022013258188962936,0.022846398875117302
759,760,0.0008363116648979485,0.021967774257063866,0.022804085165262222
760,761,0.0008314435253851116,0.021928343921899796,0.02275978773832321
761,762,0.0008539904956705868,0.021859603002667427,0.022713594138622284
762,763,0.0008137400727719069,0.021852925419807434,0.02266666479408741
763,764,0.0008435621857643127,0.021773243322968483,0.022616805508732796
764,765,0.0008356908219866455,0.021735072135925293,0.022570762783288956
765,766,0.0008374028257094324,0.02169259823858738,0.022530000656843185
766,767,0.0008726894157007337,0.02161768637597561,0.022490376606583595
767,768,0.0008398466743528843,0.02160736173391342,0.02244720794260502
768,769,0.0008493095519952476,0.021555613726377487,0.022404924035072327
769,770,0.000852544151712209,0.02151152491569519,0.022364068776369095
770,771,0.0008478471427224576,0.021474499255418777,0.02232234552502632
771,772,0.0008516492671333253,0.02143142744898796,0.022283077239990234
772,773,0.0008543068543076515,0.021392151713371277,0.022246457636356354
773,774,0.0008642912143841386,0.021345390006899834,0.022209681570529938
774,775,0.0008621758315712214,0.021313080564141273,0.02217525616288185
775,776,0.0008901719702407718,0.02125263586640358,0.0221428070217371
776,777,0.0008757733157835901,0.02123076282441616,0.022106535732746124
777,778,0.0008766287937760353,0.02119077555835247,0.02206740528345108
778,779,0.0008928693714551628,0.021134670823812485,0.02202754095196724
779,780,0.0008974898373708129,0.021089760586619377,0.021987250074744225
780,781,0.0008898598607629538,0.0210561566054821,0.0219460166990757
781,782,0.0009020583238452673,0.020997872576117516,0.021899931132793427
782,783,0.0008883564150892198,0.020958682522177696,0.021847039461135864
783,784,0.0008658613078296185,0.0209314227104187,0.021797284483909607
784,785,0.0008937519160099328,0.02085706777870655,0.02175081893801689
785,786,0.0008550964412279427,0.020848412066698074,0.021703507751226425
786,787,0.0008703636704012752,0.020784294232726097,0.021654658019542694
787,788,0.0008679187158122659,0.02073715813457966,0.021605076268315315
788,789,0.0008426536805927753,0.020710187032818794,0.021552840247750282
789,790,0.0008625778136774898,0.020640892907977104,0.021503470838069916
790,791,0.0008564316085539758,0.020601006224751472,0.021457437425851822
791,792,0.00086451496463269,0.020544666796922684,0.021409181877970695
792,793,0.0008467380539514124,0.020514125004410744,0.021360863000154495
793,794,0.0008477063965983689,0.02046697773039341,0.02131468430161476
794,795,0.000844377267640084,0.020423470064997673,0.02126784808933735
795,796,0.0008339461055584252,0.020388757809996605,0.021222703158855438
796,797,0.0008457059739157557,0.020332269370555878,0.021177975460886955
797,798,0.0008150392677634954,0.020317256450653076,0.021132295951247215
798,799,0.0008098689140751958,0.02027840167284012,0.021088270470499992
799,800,0.0008296074229292572,0.020217200741171837,0.02104680798947811
800,801,0.0007992636528797448,0.020200761035084724,0.021000023931264877
801,802,0.0008029319578781724,0.020148852840065956,0.020951785147190094
802,803,0.0008106666500680149,0.02009722590446472,0.020907891914248466
803,804,0.0007731785299256444,0.02009217068552971,0.02086534909904003
804,805,0.0007994180778041482,0.02002391219139099,0.02082332968711853
805,806,0.0007877076859585941,0.019994186237454414,0.02078189328312874
806,807,0.0007738566491752863,0.019963577389717102,0.020737433806061745
807,808,0.0007887071114964783,0.019909419119358063,0.020698126405477524
808,809,0.0007735284743830562,0.019890431314706802,0.02066395990550518
809,810,0.0007834337302483618,0.01984149031341076,0.020624924451112747
810,811,0.000768928905017674,0.019816482439637184,0.02058541215956211
811,812,0.0007729868520982563,0.019775088876485825,0.020548075437545776
812,813,0.0007619564421474934,0.01974928192794323,0.020511237904429436
813,814,0.0007452952559106052,0.0197334922850132,0.020478786900639534
814,815,0.0007737475680187345,0.019673150032758713,0.0204468984156847
815,816,0.0007553020841442049,0.019656028598546982,0.020411331206560135
816,817,0.0007464519003406167,0.019630486145615578,0.020376937463879585
817,818,0.0007534149335697293,0.01959099993109703,0.020344415679574013
818,819,0.0007441468769684434,0.019564347341656685,0.020308494567871094
819,820,0.0007471952121704817,0.0195278599858284,0.02027505449950695
820,821,0.0007478381739929318,0.019492195919156075,0.02024003490805626
821,822,0.0007349625811912119,0.019467320293188095,0.020202282816171646
822,823,0.0007342126336880028,0.019429868087172508,0.02016407996416092
823,824,0.0007388578378595412,0.019384799525141716,0.02012365683913231
824,825,0.0007461400819011033,0.01933600939810276,0.020082149654626846
825,826,0.000726337602827698,0.019318558275699615,0.020044896751642227
826,827,0.0007324949256144464,0.019278228282928467,0.020010722801089287
827,828,0.0007352546090260148,0.019241007044911385,0.019976262003183365
828,829,0.0007159403758123517,0.0192243754863739,0.019940316677093506
829,830,0.0007334975525736809,0.019170083105564117,0.019903581589460373
830,831,0.0007335434202104807,0.019135810434818268,0.019869353622198105
831,832,0.0007143140537664294,0.019124934449791908,0.019839247688651085
832,833,0.0007345643825829029,0.019073806703090668,0.019808370620012283
833,834,0.0007175955688580871,0.019059987738728523,0.019777582958340645
834,835,0.000712175271473825,0.01903376169502735,0.01974593661725521
835,836,0.0007110543665476143,0.019000673666596413,0.019711727276444435
836,837,0.000697240000590682,0.018980462104082108,0.019677702337503433
837,838,0.0006858460255898535,0.018961695954203606,0.019647542387247086
838,839,0.0007121639791876078,0.018899381160736084,0.019611544907093048
839,840,0.0006695913034491241,0.018901890143752098,0.01957148127257824
840,841,0.000686192826833576,0.01884782873094082,0.019534021615982056
841,842,0.0006735749775543809,0.018824134021997452,0.019497709348797798
842,843,0.0006681325030513108,0.018796848133206367,0.01946498081088066
843,844,0.0006840110872872174,0.018757008016109467,0.019441019743680954
844,845,0.0006620748899877071,0.018748242408037186,0.01941031776368618
845,846,0.0006672768504358828,0.018707841634750366,0.019375119358301163
846,847,0.0006577005260623991,0.018687749281525612,0.019345449283719063
847,848,0.0006679477519355714,0.018653471022844315,0.019321419298648834
848,849,0.0006816500681452453,0.018605735152959824,0.019287385046482086
849,850,0.0006496049463748932,0.018594468012452126,0.01924407295882702
850,851,0.0006462722085416317,0.018567323684692383,0.019213596358895302
851,852,0.0006729539600200951,0.018511323258280754,0.019184276461601257
852,853,0.0006451285444200039,0.01850093901157379,0.019146068021655083
853,854,0.0006544758216477931,0.01845834031701088,0.01911281608045101
854,855,0.0006703152903355658,0.01841035671532154,0.019080672413110733
855,856,0.0006372063653543591,0.01840437762439251,0.01904158480465412
856,857,0.0006522805197164416,0.018350699916481972,0.01900297962129116
857,858,0.0006585569935850799,0.01830628700554371,0.018964843824505806
858,859,0.0006442312733270228,0.018273811787366867,0.01891804300248623
859,860,0.000640209938865155,0.01824013702571392,0.018880346789956093
860,861,0.0006581403431482613,0.018187573179602623,0.018845712766051292
861,862,0.0006414221716113389,0.018156662583351135,0.018798084929585457
862,863,0.0006332306656986475,0.018123678863048553,0.018756909295916557
863,864,0.0006582564674317837,0.018061939626932144,0.018720196560025215
864,865,0.0006486447528004646,0.018029535189270973,0.018678180873394012
865,866,0.0006274828338064253,0.01801489107310772,0.018642373383045197
866,867,0.0006444339524023235,0.01795809157192707,0.0186025258153677
867,868,0.0006693002069368958,0.017899278551340103,0.018568579107522964
868,869,0.000637304037809372,0.01789570041000843,0.018533004447817802
869,870,0.0006557247252203524,0.01784389838576317,0.018499623984098434
870,871,0.0006548232049681246,0.017806824296712875,0.018461648374795914
871,872,0.0006348229944705963,0.01778874546289444,0.018423568457365036
872,873,0.0006480385200120509,0.017744991928339005,0.018393030390143394
873,874,0.0006540906615555286,0.017704881727695465,0.018358971923589706
874,875,0.0006459411815740168,0.017674891278147697,0.018320832401514053
875,876,0.00064091692911461,0.017651207745075226,0.018292125314474106
876,877,0.000655440439004451,0.017601599916815758,0.01825704053044319
877,878,0.0006450096843764186,0.017575575038790703,0.018220584839582443
878,879,0.0006389515474438667,0.01754743792116642,0.01818639039993286
879,880,0.0006336464430205524,0.017513254657387733,0.018146900460124016
880,881,0.0006407881155610085,0.017468752339482307,0.01810954138636589
881,882,0.0006274773622862995,0.017448190599679947,0.018075667321681976
882,883,0.0006221934454515576,0.017411649227142334,0.018033843487501144
883,884,0.0006485996418632567,0.017348211258649826,0.017996810376644135
884,885,0.0006173084257170558,0.01734226569533348,0.01795957423746586
885,886,0.000615504861343652,0.017301782965660095,0.017917288467288017
886,887,0.0006329287425614893,0.0172478798776865,0.01788080856204033
887,888,0.0006262505194172263,0.017213918268680573,0.017840169370174408
888,889,0.0006271401070989668,0.017179341986775398,0.017806481570005417
889,890,0.0006273803301155567,0.01714196428656578,0.01776934415102005
890,891,0.0006433069356717169,0.01709384098649025,0.017737148329615593
891,892,0.0006366822635754943,0.017070678994059563,0.01770736090838909
892,893,0.0006514206761494279,0.017018746584653854,0.017670167610049248
893,894,0.0006597680621780455,0.016979070380330086,0.017638837918639183
894,895,0.0006357429665513337,0.01697041280567646,0.017606155946850777
895,896,0.0006537433946505189,0.016921494156122208,0.017575237900018692
896,897,0.0006653007585555315,0.016880275681614876,0.017545577138662338
897,898,0.0006445515318773687,0.01686311513185501,0.01750766672194004
898,899,0.0006456179544329643,0.01682690903544426,0.0174725279211998
899,900,0.0006600641063414514,0.016780484467744827,0.017440548166632652
900,901,0.000640446727629751,0.01676895096898079,0.017409397289156914
901,902,0.0006369964685291052,0.016737932339310646,0.017374929040670395
902,903,0.0006540481117554009,0.01668660342693329,0.017340650781989098
903,904,0.0006295270286500454,0.016675274819135666,0.017304802313447
904,905,0.000628487323410809,0.016642924398183823,0.017271412536501884
905,906,0.0006370313349179924,0.016596728935837746,0.01723376102745533
906,907,0.0006360251572914422,0.016563795506954193,0.017199819907546043
907,908,0.0006325523718260229,0.016529839485883713,0.017162391915917397
908,909,0.0006166842067614198,0.01650642417371273,0.017123108729720116
909,910,0.0006264382973313332,0.016459383070468903,0.01708582043647766
910,911,0.0006097451550886035,0.016429223120212555,0.017038967460393906
911,912,0.000614362012129277,0.01638982631266117,0.017004188150167465
912,913,0.0006295411731116474,0.016335103660821915,0.016964644193649292
913,914,0.0006170359556563199,0.01630917564034462,0.01692621223628521
914,915,0.0006150996778160334,0.016272949054837227,0.016888048499822617
915,916,0.0006100971950218081,0.01624377630650997,0.016853872686624527
916,917,0.0006237540510483086,0.016200732439756393,0.01682448573410511
917,918,0.0006149775581434369,0.016180265694856644,0.016795244067907333
918,919,0.0005911788903176785,0.016173677518963814,0.01676485687494278
919,920,0.0006175283924676478,0.01611516810953617,0.016732696443796158
920,921,0.0006021055742166936,0.016100633889436722,0.016702739521861076
921,922,0.0005803180974908173,0.01609531231224537,0.01667563058435917
922,923,0.0005976281827315688,0.016051940619945526,0.01664956845343113
923,924,0.0005856510833837092,0.016031479462981224,0.016617130488157272
924,925,0.0005861646495759487,0.016002608463168144,0.01658877357840538
925,926,0.0005908910534344614,0.015966445207595825,0.01655733585357666
926,927,0.0005844291881658137,0.015943262726068497,0.01652769185602665
927,928,0.0005882614059373736,0.015915827825665474,0.016504088416695595
928,929,0.0005889839376322925,0.0158882737159729,0.016477257013320923
929,930,0.000592821859754622,0.01586126536130905,0.01645408757030964
930,931,0.0005787519039586186,0.015847843140363693,0.01642659492790699
931,932,0.0005876576178707182,0.01581333577632904,0.01640099287033081
932,933,0.0005872871843166649,0.015790237113833427,0.0163775235414505
933,934,0.000573391211219132,0.01577715389430523,0.01635054498910904
934,935,0.0005849798326380551,0.0157378688454628,0.016322849318385124
935,936,0.000585714471526444,0.015705540776252747,0.01629125513136387
936,937,0.0005750936106778681,0.015686968341469765,0.016262061893939972
937,938,0.000583226268645376,0.015654411166906357,0.016237637028098106
938,939,0.0005890487227588892,0.015622319653630257,0.016211368143558502
939,940,0.0005852325120940804,0.015594803728163242,0.01618003658950329
940,941,0.0005775216850452125,0.01557404175400734,0.016151564195752144
941,942,0.0005773580051027238,0.015548061579465866,0.016125420108437538
942,943,0.0005992863443680108,0.0155011136084795,0.01610039919614792
943,944,0.0005673912237398326,0.015504970215260983,0.016072360798716545
944,945,0.0005799921345897019,0.015461062081158161,0.01604105345904827
945,946,0.000570795382373035,0.015440776944160461,0.016011571511626244
946,947,0.0005720621556974947,0.015405174344778061,0.01597723737359047
947,948,0.0005633046384900808,0.015381221659481525,0.015944525599479675
948,949,0.0005642800824716687,0.015347467735409737,0.015911748632788658
949,950,0.0005634480621665716,0.01531694270670414,0.015880391001701355
950,951,0.0005495406803674996,0.015301624312996864,0.015851164236664772
951,952,0.0005695753498002887,0.015246665105223656,0.01581623964011669
952,953,0.0005531056085601449,0.015232029370963573,0.015785135328769684
953,954,0.0005399221554398537,0.015210108831524849,0.015750031918287277
954,955,0.0005604068865068257,0.015159820206463337,0.015720227733254433
955,956,0.0005418654764071107,0.015146064572036266,0.015687929466366768
956,957,0.0005473335040733218,0.015113997273147106,0.01566133089363575
957,958,0.0005501555278897285,0.015084242448210716,0.01563439890742302
958,959,0.0005416856147348881,0.01505738403648138,0.015599070116877556
959,960,0.0005543360020965338,0.015016211196780205,0.015570547431707382
960,961,0.0005536327953450382,0.01498948410153389,0.015543117187917233
961,962,0.000551367353182286,0.014967145398259163,0.015518512576818466
962,963,0.0005507536116056144,0.01493699662387371,0.015487750060856342
963,964,0.0005686689401045442,0.01489188801497221,0.01546055730432272
964,965,0.0005661483155563474,0.01486731506884098,0.015433463267982006
965,966,0.0005549081251956522,0.014853338710963726,0.015408246777951717
966,967,0.0005701400223188102,0.014809252694249153,0.01537939254194498
967,968,0.0005661631003022194,0.014785883948206902,0.015352047048509121
968,969,0.0005551728536374867,0.014774715527892113,0.015329888090491295
969,970,0.000563011213671416,0.014736318029463291,0.015299329534173012
970,971,0.0005556712858378887,0.014721661806106567,0.015277333557605743
971,972,0.0005469268071465194,0.014707966707646847,0.015254893340170383
972,973,0.0005569118657149374,0.014672807417809963,0.015229719690978527
973,974,0.0005584403406828642,0.014646158553659916,0.015204599127173424
974,975,0.0005472377524711192,0.014631332829594612,0.01517857052385807
975,976,0.0005482423002831638,0.01460922323167324,0.015157465822994709
976,977,0.0005666883080266416,0.014565312303602695,0.015132000669836998
977,978,0.000561912136618048,0.014546627178788185,0.01510853972285986
978,979,0.0005484478315338492,0.01453559659421444,0.015084044076502323
979,980,0.0005654591950587928,0.014499099925160408,0.015064558945596218
980,981,0.0005630215164273977,0.014477632939815521,0.015040654689073563
981,982,0.0005694425781257451,0.014446613378822803,0.015016055665910244
982,983,0.0005792112206108868,0.014414878562092781,0.014994089491665363
983,984,0.000554869300685823,0.014412320218980312,0.01496718917042017
984,985,0.0005697228480130434,0.014373473823070526,0.014943196438252926
985,986,0.0005817543133161962,0.01433802954852581,0.014919783920049667
986,987,0.000557112623937428,0.014334999024868011,0.014892111532390118
987,988,0.0005642488831654191,0.01429714448750019,0.014861393719911575
988,989,0.0005741732893511653,0.014263855293393135,0.014838028699159622
989,990,0.0005565671599470079,0.0142602464184165,0.014816813170909882
990,991,0.0005574162350967526,0.01422925479710102,0.014786670915782452
991,992,0.0005657128058373928,0.014197287149727345,0.01476299948990345
992,993,0.0005493678618222475,0.014188348315656185,0.014737715944647789
993,994,0.0005516724195331335,0.014164525084197521,0.014716197736561298
994,995,0.0005634729750454426,0.014123196713626385,0.014686670154333115
995,996,0.0005442771362140775,0.014113868586719036,0.014658145606517792
996,997,0.0005388371064327657,0.014096631668508053,0.01463546883314848
997,998,0.0005500672268681228,0.014060134999454021,0.014610202051699162
998,999,0.000542038178537041,0.0140438973903656,0.01458593551069498
999,1000,0.0005348827107809484,0.014025297947227955,0.014560180716216564
